﻿<?xml version="1.0" encoding="utf-8"?><meta xmlns:xsi="http://www.w3.org/2001/XMLSchema-instance" xmlns:xsd="http://www.w3.org/2001/XMLSchema"><project id="6FPfMB1uh0X" courseid="5pDEIcI2ZPM_course_id" thumburl="story_content/thumbnail.jpg" title="Produce Express" datepublished="2022-08-15T00:11:34" version="1.0.0.0" flashdata="story_content/data.swf" html5data="mobile/data.json" mobiledata="mobile/data.gz" enabledownload="false" duration="About 4 minutes" totalaudio="173051" totalvideo="0"><description>https://360.articulate.com/review/content/33466589-7dfb-418f-a781-3b259caca923/review</description><keywords /><slidemeta moniker="slide" monikerplural="slides" viewslides="25" slidecountdescription="25 slides" /><author name="jennyjoconner" email="" website="" /><application name="Articulate Storyline" version="3.66.28355.0" xmlversion="4.0" /></project></meta>